{"alarm clock": [0.15180969783464093, 0.4211360609004541, 0.37965158107507546], "armchair": [0.20029904551285516, 0.11761946430008108, 0.533536325487231], "backpack": [0.4122963692163448, 0.4064079881403767, 0.5947833946721695], "bag": [0.09994830342034844, 0.05127788290356561, 0.5555741877899387], "ball": [0.5822222342559166, 0.9719269142311083, 0.22794946540504202], "bar": [0.9994429505873669, 0.8193635093697135, 0.3022169805513777], "basket": [0.17745537956585733, 0.961097666688014, 0.7614263808117783], "bathroom cabinet": [0.6303038965281448, 0.8204127995652761, 0.6000916580905533], "bathroom counter": [0.9485307959227435, 0.14951953696804587, 0.07156903220605337], "bathroom stall": [0.6949492074264488, 0.0383515388412865, 0.8067841566223729], "bathroom stall door": [0.5841716803703823, 0.9027431130642389, 0.9890682872932395], "bathroom vanity": [0.31807460153871847, 0.7444520976215496, 0.8727856729193061], "bathtub": [0.6136357333591501, 0.03257674355435858, 0.5432797823962902], "bed": [0.2227758827659081, 0.6389059222219865, 0.1313501615972824], "bench": [0.6526486398847051, 0.8769441196571475, 0.18911192005623956], "bicycle": [0.8083860024455536, 0.6323873496925626, 0.5900579132421956], "bin": [0.2957260542998905, 0.688697347146478, 0.5014957378331676], "blackboard": [0.1732276532660072, 0.28544151007309804, 0.27250119480704493], "blanket": [0.08405095595785594, 0.5993120517934332, 0.6099251393421307], "blinds": [0.43329053981765275, 0.025728408975666195, 0.12234828110721596], "board": [0.2992872012820422, 0.5637310368291585, 0.5455745306126305], "book": [0.09968718914767483, 0.17958099086358548, 0.04387012536145585], "bookshelf": [0.10468713072376357, 0.9176641240042489, 0.6930566001952745], "bottle": [0.4949322035756045, 0.44610308998488135, 0.5671487534671809], "bowl": [0.6199610026403791, 0.5076624778811133, 0.5933091093329915], "box": [0.5189224077056476, 0.30625944594006616, 0.1966939115057622], "broom": [0.47993621122295993, 0.6492197401546937, 0.7566262093707135], "bucket": [0.24603180706861627, 0.31211727418854573, 0.6719565777821778], "bulletin board": [0.12677686255119358, 0.940931808249944, 0.896998476086893], "cabinet": [0.3446904582493734, 0.38561436147734696, 0.3407095772230232], "calendar": [0.2617373082213734, 0.5636323918227576, 0.8273514294970493], "candle": [0.12940859918858127, 0.8132944755373075, 0.02438269562436024], "cart": [0.21506550162247595, 0.9387781409410683, 0.1540210682111116], "case of water bottles": [0.07357899824451286, 0.060159801774791855, 0.6180110402910457], "cd case": [0.4083621252162922, 0.7633501575865904, 0.19354224764885064], "ceiling": [0.8098736381228872, 0.9733115705947328, 0.3174014786927497], "ceiling light": [0.4749955546957739, 0.49226397842644154, 0.5323625918575553], "chair": [0.2969490008840878, 0.33069796603900803, 0.2562036412827827], "clock": [0.16682569532671065, 0.4861089075644992, 0.5165100123823574], "closet": [0.7231502475350675, 0.7196254238113787, 0.18477723464135054], "closet door": [0.22341927152501373, 0.46012707287626775, 0.44392597124133115], "closet rod": [0.24341861544019427, 0.013037369730318105, 0.8092463607337764], "closet wall": [0.21265954196214976, 0.6005285801488277, 0.31456305663830697], "clothes": [0.7256191522239537, 0.3547971887086673, 0.5742570021383865], "clothes dryer": [0.6168451338338049, 0.4096681224031823, 0.5769901820928184], "coat rack": [0.8781558269839981, 0.32387080456881123, 0.24958036694117325], "coffee kettle": [0.49289801654815835, 0.8279502940035913, 0.3105679064078066], "coffee maker": [0.6792441908990096, 0.9125104970545088, 0.4757564764912625], "coffee table": [0.4963131473994973, 0.7199623279778387, 0.6852438620397242], "column": [0.6802438249269378, 0.7138656017811136, 0.8536438091396328], "computer tower": [0.9413440272070797, 0.4520396264961771, 0.31309049698803515], "container": [0.1862601555786303, 0.33885719216573906, 0.9987492178628364], "copier": [0.0008490759276078563, 0.7019867087720797, 0.32394511271394133], "couch": [0.685777740318015, 0.6780132854212174, 0.7335586639349464], "counter": [0.5728133359096308, 0.45265561683416833, 0.49027672024484525], "crate": [0.10827999671891575, 0.7703865292268512, 0.8842727920843079], "cup": [0.9105240015402748, 0.6229975910935611, 0.6937018711706148], "curtain": [0.9300590504483167, 0.7489792644430757, 0.788620797947748], "cushion": [0.9297111837373765, 0.05755146461656102, 0.10647883960568671], "decoration": [0.5884104419841601, 0.2673069849413917, 0.4195097200432536], "desk": [0.9583764203269912, 0.10430953222925787, 0.9285646969028198], "dining table": [0.8990531518437532, 0.25018208043597534, 0.5464771681429078], "dish rack": [0.06687215580407391, 0.8947000320741647, 0.9384418651007551], "dishwasher": [0.3197082206269761, 0.8646074553073299, 0.06634717677200286], "divider": [0.16217005926495598, 0.6853643749611475, 0.23780191121977035], "door": [0.23032989194196374, 0.6556051875965608, 0.39311398814033105], "doorframe": [0.45878143171079333, 0.5373764639022252, 0.6976178033025094], "dresser": [0.25359029060971283, 0.47045270139657847, 0.6375725562456824], "dumbbell": [0.24041613412704732, 0.04391886617744589, 0.5714777326265074], "dustpan": [0.5036391910620803, 0.06433248869825403, 0.03109632260029438], "end table": [0.30799286558076655, 0.7407752526529953, 0.9122406187726333], "fan": [0.17570160417699054, 0.7528980048877763, 0.06448856711506656], "file cabinet": [0.0801070829404178, 0.9174495468725792, 0.33477590644439503], "fire alarm": [0.5894453729119266, 0.6539704320164589, 0.5792017276716237], "fire extinguisher": [0.8995773193164188, 0.5385493338236517, 0.5844513930707748], "fireplace": [0.018018907366116665, 0.9960478314882256, 1.5918913777057675e-05], "floor": [0.5252275506679787, 0.008390463916697843, 0.7846193557640593], "folded chair": [0.4989812554134341, 0.5151816215449749, 0.21531684536825124], "furniture": [0.013628434625351127, 0.29471157133651915, 0.39090790178840196], "guitar": [0.0034228036877206325, 0.18610164043392496, 0.06299709873610249], "guitar case": [0.7628445521795558, 0.6033548459677353, 0.426696900890878], "hair dryer": [0.8120552558531224, 0.6718889702942409, 0.866713896833435], "handicap bar": [0.8200208999766928, 0.8208171598434577, 0.023510312522464827], "hat": [0.720189719901185, 0.8436551748876917, 0.30635465417862673], "headphones": [0.4114461674401839, 0.715662424686477, 0.5697742485980776], "ironing board": [0.8718372308838164, 0.7067096843333862, 0.35115547568944017], "jacket": [0.5156654836635465, 0.43623321467001763, 0.4391720971509193], "keyboard": [0.1502649908445326, 0.9493331456571618, 0.18921727152213774], "keyboard piano": [0.7817829739331046, 0.2592946326625486, 0.42710312202008904], "kitchen cabinet": [0.31333548275812884, 0.7324763984928148, 0.2756245006210939], "kitchen counter": [0.41668732637824624, 0.6281329866029675, 0.7351425981206351], "ladder": [0.5226068574134496, 0.9260294263931311, 0.79290232471388], "lamp": [0.3543661351280508, 0.5853301974143571, 0.27260051383000894], "laptop": [0.10364364338718757, 0.552927276562645, 0.9268195899375142], "laundry basket": [0.41220315721291123, 0.22373264246155244, 0.49382398801124505], "laundry detergent": [0.43573810395156687, 0.20501944842742648, 0.15814688165949597], "laundry hamper": [0.9014202294873119, 0.26253633246414076, 0.10309182506591041], "ledge": [0.07915919323452558, 0.947267792280524, 0.6997955842367596], "light": [0.5641172758982474, 0.850036297517577, 0.5827033849264399], "light switch": [0.9275269711180516, 0.6704647756827259, 0.3076190245669317], "luggage": [0.373479881421635, 0.6923704657137584, 0.9927130233755029], "machine": [0.8909512397993705, 0.3999033601419254, 0.21915159625118752], "mailbox": [0.12554836890050736, 0.024549812524875314, 0.6634637250007145], "mat": [0.49635952367252234, 0.4077686345898832, 0.21626120452018138], "mattress": [0.3282971333268939, 0.9755769424034018, 0.7688989709722388],